{
  "/users-permissions/permissions": {
    "get": {
      "responses": {
        "200": {
          "description": "OK",
          "content": {
            "application/json": {
              "schema": {
                "$ref": "#/components/schemas/UsersPermissionsPermissionResponse"
              }
            }
          }
        },
        "400": {
          "description": "Bad Request",
          "content": {
            "application/json": {
              "schema": {
                "$ref": "#/components/schemas/Error"
              }
            }
          }
        },
        "401": {
          "description": "Unauthorized",
          "content": {
            "application/json": {
              "schema": {
                "$ref": "#/components/schemas/Error"
              }
            }
          }
        },
        "403": {
          "description": "Forbidden",
          "content": {
            "application/json": {
              "schema": {
                "$ref": "#/components/schemas/Error"
              }
            }
          }
        },
        "404": {
          "description": "Not Found",
          "content": {
            "application/json": {
              "schema": {
                "$ref": "#/components/schemas/Error"
              }
            }
          }
        },
        "500": {
          "description": "Internal Server Error",
          "content": {
            "application/json": {
              "schema": {
                "$ref": "#/components/schemas/Error"
              }
            }
          }
        }
      },
      "tags": [
        "Users-permissions - Permission"
      ],
      "parameters": [],
      "operationId": "get/users-permissions/permissions"
    }
  },
  "/users-permissions/roles/{id}": {
    "get": {
      "responses": {
        "200": {
          "description": "OK",
          "content": {
            "application/json": {
              "schema": {
                "$ref": "#/components/schemas/UsersPermissionsRoleResponse"
              }
            }
          }
        },
        "400": {
          "description": "Bad Request",
          "content": {
            "application/json": {
              "schema": {
                "$ref": "#/components/schemas/Error"
              }
            }
          }
        },
        "401": {
          "description": "Unauthorized",
          "content": {
            "application/json": {
              "schema": {
                "$ref": "#/components/schemas/Error"
              }
            }
          }
        },
        "403": {
          "description": "Forbidden",
          "content": {
            "application/json": {
              "schema": {
                "$ref": "#/components/schemas/Error"
              }
            }
          }
        },
        "404": {
          "description": "Not Found",
          "content": {
            "application/json": {
              "schema": {
                "$ref": "#/components/schemas/Error"
              }
            }
          }
        },
        "500": {
          "description": "Internal Server Error",
          "content": {
            "application/json": {
              "schema": {
                "$ref": "#/components/schemas/Error"
              }
            }
          }
        }
      },
      "tags": [
        "Users-permissions - Role"
      ],
      "parameters": [
        {
          "name": "id",
          "in": "path",
          "description": "",
          "deprecated": false,
          "required": true,
          "schema": {
            "type": "number"
          }
        }
      ],
      "operationId": "get/users-permissions/roles/{id}"
    }
  },
  "/users-permissions/roles": {
    "get": {
      "responses": {
        "200": {
          "description": "OK",
          "content": {
            "application/json": {
              "schema": {
                "$ref": "#/components/schemas/UsersPermissionsRoleListResponse"
              }
            }
          }
        },
        "400": {
          "description": "Bad Request",
          "content": {
            "application/json": {
              "schema": {
                "$ref": "#/components/schemas/Error"
              }
            }
          }
        },
        "401": {
          "description": "Unauthorized",
          "content": {
            "application/json": {
              "schema": {
                "$ref": "#/components/schemas/Error"
              }
            }
          }
        },
        "403": {
          "description": "Forbidden",
          "content": {
            "application/json": {
              "schema": {
                "$ref": "#/components/schemas/Error"
              }
            }
          }
        },
        "404": {
          "description": "Not Found",
          "content": {
            "application/json": {
              "schema": {
                "$ref": "#/components/schemas/Error"
              }
            }
          }
        },
        "500": {
          "description": "Internal Server Error",
          "content": {
            "application/json": {
              "schema": {
                "$ref": "#/components/schemas/Error"
              }
            }
          }
        }
      },
      "tags": [
        "Users-permissions - Role"
      ],
      "parameters": [
        {
          "name": "sort",
          "in": "query",
          "description": "Sort by attributes ascending (asc) or descending (desc)",
          "deprecated": false,
          "required": false,
          "schema": {
            "type": "string"
          }
        },
        {
          "name": "pagination[withCount]",
          "in": "query",
          "description": "Return page/pageSize (default: true)",
          "deprecated": false,
          "required": false,
          "schema": {
            "type": "boolean"
          }
        },
        {
          "name": "pagination[page]",
          "in": "query",
          "description": "Page number (default: 0)",
          "deprecated": false,
          "required": false,
          "schema": {
            "type": "integer"
          }
        },
        {
          "name": "pagination[pageSize]",
          "in": "query",
          "description": "Page size (default: 25)",
          "deprecated": false,
          "required": false,
          "schema": {
            "type": "integer"
          }
        },
        {
          "name": "pagination[start]",
          "in": "query",
          "description": "Offset value (default: 0)",
          "deprecated": false,
          "required": false,
          "schema": {
            "type": "integer"
          }
        },
        {
          "name": "pagination[limit]",
          "in": "query",
          "description": "Number of entities to return (default: 25)",
          "deprecated": false,
          "required": false,
          "schema": {
            "type": "integer"
          }
        },
        {
          "name": "fields",
          "in": "query",
          "description": "Fields to return (ex: title,author)",
          "deprecated": false,
          "required": false,
          "schema": {
            "type": "string"
          }
        },
        {
          "name": "populate",
          "in": "query",
          "description": "Relations to return",
          "deprecated": false,
          "required": false,
          "schema": {
            "type": "string"
          }
        },
        {
          "name": "filters",
          "in": "query",
          "description": "Filters to apply",
          "deprecated": false,
          "required": false,
          "schema": {
            "type": "object"
          },
          "style": "deepObject"
        },
        {
          "name": "locale",
          "in": "query",
          "description": "Locale to apply",
          "deprecated": false,
          "required": false,
          "schema": {
            "type": "string"
          }
        }
      ],
      "operationId": "get/users-permissions/roles"
    },
    "post": {
      "responses": {
        "200": {
          "description": "OK",
          "content": {
            "application/json": {
              "schema": {
                "$ref": "#/components/schemas/UsersPermissionsRoleResponse"
              }
            }
          }
        },
        "400": {
          "description": "Bad Request",
          "content": {
            "application/json": {
              "schema": {
                "$ref": "#/components/schemas/Error"
              }
            }
          }
        },
        "401": {
          "description": "Unauthorized",
          "content": {
            "application/json": {
              "schema": {
                "$ref": "#/components/schemas/Error"
              }
            }
          }
        },
        "403": {
          "description": "Forbidden",
          "content": {
            "application/json": {
              "schema": {
                "$ref": "#/components/schemas/Error"
              }
            }
          }
        },
        "404": {
          "description": "Not Found",
          "content": {
            "application/json": {
              "schema": {
                "$ref": "#/components/schemas/Error"
              }
            }
          }
        },
        "500": {
          "description": "Internal Server Error",
          "content": {
            "application/json": {
              "schema": {
                "$ref": "#/components/schemas/Error"
              }
            }
          }
        }
      },
      "tags": [
        "Users-permissions - Role"
      ],
      "parameters": [],
      "operationId": "post/users-permissions/roles",
      "requestBody": {
        "required": true,
        "content": {
          "application/json": {
            "schema": {
              "$ref": "#/components/schemas/UsersPermissionsRoleRequest"
            }
          }
        }
      }
    }
  },
  "/users-permissions/roles/{role}": {
    "put": {
      "responses": {
        "200": {
          "description": "OK",
          "content": {
            "application/json": {
              "schema": {
                "$ref": "#/components/schemas/UsersPermissionsRoleResponse"
              }
            }
          }
        },
        "400": {
          "description": "Bad Request",
          "content": {
            "application/json": {
              "schema": {
                "$ref": "#/components/schemas/Error"
              }
            }
          }
        },
        "401": {
          "description": "Unauthorized",
          "content": {
            "application/json": {
              "schema": {
                "$ref": "#/components/schemas/Error"
              }
            }
          }
        },
        "403": {
          "description": "Forbidden",
          "content": {
            "application/json": {
              "schema": {
                "$ref": "#/components/schemas/Error"
              }
            }
          }
        },
        "404": {
          "description": "Not Found",
          "content": {
            "application/json": {
              "schema": {
                "$ref": "#/components/schemas/Error"
              }
            }
          }
        },
        "500": {
          "description": "Internal Server Error",
          "content": {
            "application/json": {
              "schema": {
                "$ref": "#/components/schemas/Error"
              }
            }
          }
        }
      },
      "tags": [
        "Users-permissions - Role"
      ],
      "parameters": [
        {
          "name": "role",
          "in": "path",
          "description": "",
          "deprecated": false,
          "required": true,
          "schema": {
            "type": "number"
          }
        }
      ],
      "operationId": "put/users-permissions/roles/{role}",
      "requestBody": {
        "required": true,
        "content": {
          "application/json": {
            "schema": {
              "$ref": "#/components/schemas/UsersPermissionsRoleRequest"
            }
          }
        }
      }
    },
    "delete": {
      "responses": {
        "200": {
          "description": "OK",
          "content": {
            "application/json": {
              "schema": {
                "type": "integer",
                "format": "int64"
              }
            }
          }
        },
        "400": {
          "description": "Bad Request",
          "content": {
            "application/json": {
              "schema": {
                "$ref": "#/components/schemas/Error"
              }
            }
          }
        },
        "401": {
          "description": "Unauthorized",
          "content": {
            "application/json": {
              "schema": {
                "$ref": "#/components/schemas/Error"
              }
            }
          }
        },
        "403": {
          "description": "Forbidden",
          "content": {
            "application/json": {
              "schema": {
                "$ref": "#/components/schemas/Error"
              }
            }
          }
        },
        "404": {
          "description": "Not Found",
          "content": {
            "application/json": {
              "schema": {
                "$ref": "#/components/schemas/Error"
              }
            }
          }
        },
        "500": {
          "description": "Internal Server Error",
          "content": {
            "application/json": {
              "schema": {
                "$ref": "#/components/schemas/Error"
              }
            }
          }
        }
      },
      "tags": [
        "Users-permissions - Role"
      ],
      "parameters": [
        {
          "name": "role",
          "in": "path",
          "description": "",
          "deprecated": false,
          "required": true,
          "schema": {
            "type": "number"
          }
        }
      ],
      "operationId": "delete/users-permissions/roles/{role}"
    }
  },
  "/users/count": {
    "get": {
      "responses": {
        "200": {
          "description": "OK",
          "content": {
            "application/json": {
              "schema": {
                "$ref": "#/components/schemas/UsersPermissionsUserResponse"
              }
            }
          }
        },
        "400": {
          "description": "Bad Request",
          "content": {
            "application/json": {
              "schema": {
                "$ref": "#/components/schemas/Error"
              }
            }
          }
        },
        "401": {
          "description": "Unauthorized",
          "content": {
            "application/json": {
              "schema": {
                "$ref": "#/components/schemas/Error"
              }
            }
          }
        },
        "403": {
          "description": "Forbidden",
          "content": {
            "application/json": {
              "schema": {
                "$ref": "#/components/schemas/Error"
              }
            }
          }
        },
        "404": {
          "description": "Not Found",
          "content": {
            "application/json": {
              "schema": {
                "$ref": "#/components/schemas/Error"
              }
            }
          }
        },
        "500": {
          "description": "Internal Server Error",
          "content": {
            "application/json": {
              "schema": {
                "$ref": "#/components/schemas/Error"
              }
            }
          }
        }
      },
      "tags": [
        "Users-permissions - User"
      ],
      "parameters": [],
      "operationId": "get/users/count"
    }
  },
  "/users": {
    "get": {
      "responses": {
        "200": {
          "description": "OK",
          "content": {
            "application/json": {
              "schema": {
                "$ref": "#/components/schemas/UsersPermissionsUserListResponse"
              }
            }
          }
        },
        "400": {
          "description": "Bad Request",
          "content": {
            "application/json": {
              "schema": {
                "$ref": "#/components/schemas/Error"
              }
            }
          }
        },
        "401": {
          "description": "Unauthorized",
          "content": {
            "application/json": {
              "schema": {
                "$ref": "#/components/schemas/Error"
              }
            }
          }
        },
        "403": {
          "description": "Forbidden",
          "content": {
            "application/json": {
              "schema": {
                "$ref": "#/components/schemas/Error"
              }
            }
          }
        },
        "404": {
          "description": "Not Found",
          "content": {
            "application/json": {
              "schema": {
                "$ref": "#/components/schemas/Error"
              }
            }
          }
        },
        "500": {
          "description": "Internal Server Error",
          "content": {
            "application/json": {
              "schema": {
                "$ref": "#/components/schemas/Error"
              }
            }
          }
        }
      },
      "tags": [
        "Users-permissions - User"
      ],
      "parameters": [
        {
          "name": "sort",
          "in": "query",
          "description": "Sort by attributes ascending (asc) or descending (desc)",
          "deprecated": false,
          "required": false,
          "schema": {
            "type": "string"
          }
        },
        {
          "name": "pagination[withCount]",
          "in": "query",
          "description": "Return page/pageSize (default: true)",
          "deprecated": false,
          "required": false,
          "schema": {
            "type": "boolean"
          }
        },
        {
          "name": "pagination[page]",
          "in": "query",
          "description": "Page number (default: 0)",
          "deprecated": false,
          "required": false,
          "schema": {
            "type": "integer"
          }
        },
        {
          "name": "pagination[pageSize]",
          "in": "query",
          "description": "Page size (default: 25)",
          "deprecated": false,
          "required": false,
          "schema": {
            "type": "integer"
          }
        },
        {
          "name": "pagination[start]",
          "in": "query",
          "description": "Offset value (default: 0)",
          "deprecated": false,
          "required": false,
          "schema": {
            "type": "integer"
          }
        },
        {
          "name": "pagination[limit]",
          "in": "query",
          "description": "Number of entities to return (default: 25)",
          "deprecated": false,
          "required": false,
          "schema": {
            "type": "integer"
          }
        },
        {
          "name": "fields",
          "in": "query",
          "description": "Fields to return (ex: title,author)",
          "deprecated": false,
          "required": false,
          "schema": {
            "type": "string"
          }
        },
        {
          "name": "populate",
          "in": "query",
          "description": "Relations to return",
          "deprecated": false,
          "required": false,
          "schema": {
            "type": "string"
          }
        },
        {
          "name": "filters",
          "in": "query",
          "description": "Filters to apply",
          "deprecated": false,
          "required": false,
          "schema": {
            "type": "object"
          },
          "style": "deepObject"
        },
        {
          "name": "locale",
          "in": "query",
          "description": "Locale to apply",
          "deprecated": false,
          "required": false,
          "schema": {
            "type": "string"
          }
        }
      ],
      "operationId": "get/users"
    },
    "post": {
      "responses": {
        "200": {
          "description": "OK",
          "content": {
            "application/json": {
              "schema": {
                "$ref": "#/components/schemas/UsersPermissionsUserResponse"
              }
            }
          }
        },
        "400": {
          "description": "Bad Request",
          "content": {
            "application/json": {
              "schema": {
                "$ref": "#/components/schemas/Error"
              }
            }
          }
        },
        "401": {
          "description": "Unauthorized",
          "content": {
            "application/json": {
              "schema": {
                "$ref": "#/components/schemas/Error"
              }
            }
          }
        },
        "403": {
          "description": "Forbidden",
          "content": {
            "application/json": {
              "schema": {
                "$ref": "#/components/schemas/Error"
              }
            }
          }
        },
        "404": {
          "description": "Not Found",
          "content": {
            "application/json": {
              "schema": {
                "$ref": "#/components/schemas/Error"
              }
            }
          }
        },
        "500": {
          "description": "Internal Server Error",
          "content": {
            "application/json": {
              "schema": {
                "$ref": "#/components/schemas/Error"
              }
            }
          }
        }
      },
      "tags": [
        "Users-permissions - User"
      ],
      "parameters": [],
      "operationId": "post/users",
      "requestBody": {
        "required": true,
        "content": {
          "application/json": {
            "schema": {
              "$ref": "#/components/schemas/UsersPermissionsUserRequest"
            }
          }
        }
      }
    }
  },
  "/users/me": {
    "get": {
      "responses": {
        "200": {
          "description": "OK",
          "content": {
            "application/json": {
              "schema": {
                "$ref": "#/components/schemas/UsersPermissionsUserResponse"
              }
            }
          }
        },
        "400": {
          "description": "Bad Request",
          "content": {
            "application/json": {
              "schema": {
                "$ref": "#/components/schemas/Error"
              }
            }
          }
        },
        "401": {
          "description": "Unauthorized",
          "content": {
            "application/json": {
              "schema": {
                "$ref": "#/components/schemas/Error"
              }
            }
          }
        },
        "403": {
          "description": "Forbidden",
          "content": {
            "application/json": {
              "schema": {
                "$ref": "#/components/schemas/Error"
              }
            }
          }
        },
        "404": {
          "description": "Not Found",
          "content": {
            "application/json": {
              "schema": {
                "$ref": "#/components/schemas/Error"
              }
            }
          }
        },
        "500": {
          "description": "Internal Server Error",
          "content": {
            "application/json": {
              "schema": {
                "$ref": "#/components/schemas/Error"
              }
            }
          }
        }
      },
      "tags": [
        "Users-permissions - User"
      ],
      "parameters": [],
      "operationId": "get/users/me"
    }
  },
  "/users/{id}": {
    "get": {
      "responses": {
        "200": {
          "description": "OK",
          "content": {
            "application/json": {
              "schema": {
                "$ref": "#/components/schemas/UsersPermissionsUserResponse"
              }
            }
          }
        },
        "400": {
          "description": "Bad Request",
          "content": {
            "application/json": {
              "schema": {
                "$ref": "#/components/schemas/Error"
              }
            }
          }
        },
        "401": {
          "description": "Unauthorized",
          "content": {
            "application/json": {
              "schema": {
                "$ref": "#/components/schemas/Error"
              }
            }
          }
        },
        "403": {
          "description": "Forbidden",
          "content": {
            "application/json": {
              "schema": {
                "$ref": "#/components/schemas/Error"
              }
            }
          }
        },
        "404": {
          "description": "Not Found",
          "content": {
            "application/json": {
              "schema": {
                "$ref": "#/components/schemas/Error"
              }
            }
          }
        },
        "500": {
          "description": "Internal Server Error",
          "content": {
            "application/json": {
              "schema": {
                "$ref": "#/components/schemas/Error"
              }
            }
          }
        }
      },
      "tags": [
        "Users-permissions - User"
      ],
      "parameters": [
        {
          "name": "id",
          "in": "path",
          "description": "",
          "deprecated": false,
          "required": true,
          "schema": {
            "type": "number"
          }
        }
      ],
      "operationId": "get/users/{id}"
    },
    "put": {
      "responses": {
        "200": {
          "description": "OK",
          "content": {
            "application/json": {
              "schema": {
                "$ref": "#/components/schemas/UsersPermissionsUserResponse"
              }
            }
          }
        },
        "400": {
          "description": "Bad Request",
          "content": {
            "application/json": {
              "schema": {
                "$ref": "#/components/schemas/Error"
              }
            }
          }
        },
        "401": {
          "description": "Unauthorized",
          "content": {
            "application/json": {
              "schema": {
                "$ref": "#/components/schemas/Error"
              }
            }
          }
        },
        "403": {
          "description": "Forbidden",
          "content": {
            "application/json": {
              "schema": {
                "$ref": "#/components/schemas/Error"
              }
            }
          }
        },
        "404": {
          "description": "Not Found",
          "content": {
            "application/json": {
              "schema": {
                "$ref": "#/components/schemas/Error"
              }
            }
          }
        },
        "500": {
          "description": "Internal Server Error",
          "content": {
            "application/json": {
              "schema": {
                "$ref": "#/components/schemas/Error"
              }
            }
          }
        }
      },
      "tags": [
        "Users-permissions - User"
      ],
      "parameters": [
        {
          "name": "id",
          "in": "path",
          "description": "",
          "deprecated": false,
          "required": true,
          "schema": {
            "type": "number"
          }
        }
      ],
      "operationId": "put/users/{id}",
      "requestBody": {
        "required": true,
        "content": {
          "application/json": {
            "schema": {
              "$ref": "#/components/schemas/UsersPermissionsUserRequest"
            }
          }
        }
      }
    },
    "delete": {
      "responses": {
        "200": {
          "description": "OK",
          "content": {
            "application/json": {
              "schema": {
                "type": "integer",
                "format": "int64"
              }
            }
          }
        },
        "400": {
          "description": "Bad Request",
          "content": {
            "application/json": {
              "schema": {
                "$ref": "#/components/schemas/Error"
              }
            }
          }
        },
        "401": {
          "description": "Unauthorized",
          "content": {
            "application/json": {
              "schema": {
                "$ref": "#/components/schemas/Error"
              }
            }
          }
        },
        "403": {
          "description": "Forbidden",
          "content": {
            "application/json": {
              "schema": {
                "$ref": "#/components/schemas/Error"
              }
            }
          }
        },
        "404": {
          "description": "Not Found",
          "content": {
            "application/json": {
              "schema": {
                "$ref": "#/components/schemas/Error"
              }
            }
          }
        },
        "500": {
          "description": "Internal Server Error",
          "content": {
            "application/json": {
              "schema": {
                "$ref": "#/components/schemas/Error"
              }
            }
          }
        }
      },
      "tags": [
        "Users-permissions - User"
      ],
      "parameters": [
        {
          "name": "id",
          "in": "path",
          "description": "",
          "deprecated": false,
          "required": true,
          "schema": {
            "type": "number"
          }
        }
      ],
      "operationId": "delete/users/{id}"
    }
  }
}
