{
  "kind": "collectionType",
  "collectionName": "creditproperties",
  "info": {
    "singularName": "creditproperty",
    "pluralName": "creditproperties",
    "displayName": "Creditproperty",
    "description": ""
  },
  "options": {
    "draftAndPublish": true
  },
  "pluginOptions": {},
  "attributes": {
    "property": {
      "type": "text",
      "required": true
    },
    "creditvariable": {
      "type": "relation",
      "relation": "oneToOne",
      "target": "api::creditvariable.creditvariable"
    },
    "weight": {
      "type": "integer",
      "required": true
    }
  }
}
